2828,false,dot-matrix,642
2719,true,dot-matrix,712
2722,false,dot-matrix,100
2517,true,int-jet,705
2173,false,laser,803
2221,false,dot-matrix,108
2164,true,laser,763
2469,true,dot-matrix,939
2555,true,int-jet,57
2721,true,int-jet,98
2446,true,int-jet,431
2170,true,dot-matrix,555
2541,false,dot-matrix,63
2726,false,dot-matrix,872
2086,false,dot-matrix,419
2589,true,laser,670
2258,true,laser,681
2153,false,laser,704
2627,true,laser,216
2027,true,laser,272
2985,true,int-jet,700
2112,true,dot-matrix,77
2693,false,int-jet,811
2698,true,laser,304
2490,false,dot-matrix,891
2044,true,dot-matrix,400
2234,true,int-jet,935
2611,false,int-jet,550
2815,true,laser,749
2339,false,laser,214
2838,false,dot-matrix,946
2860,true,laser,126
2392,true,int-jet,570
2311,true,dot-matrix,955
2856,false,int-jet,899
2790,true,int-jet,717
2292,false,laser,516
2905,false,laser,632
2415,true,dot-matrix,350
2580,false,int-jet,285
2474,true,laser,977
2093,false,dot-matrix,714
2264,false,laser,967
2965,true,int-jet,311
2749,true,dot-matrix,307
2106,true,dot-matrix,162
2431,false,dot-matrix,872
2093,false,dot-matrix,832
2262,false,int-jet,353
2849,true,dot-matrix,827
2558,false,dot-matrix,781
2496,false,laser,643
2288,true,laser,596
2222,true,laser,235
2207,false,laser,257
2948,false,int-jet,578
2626,false,dot-matrix,50
2213,false,dot-matrix,348
2528,false,dot-matrix,233
2397,false,dot-matrix,612
2271,true,laser,491
2412,false,int-jet,664
2267,false,laser,552
2371,true,int-jet,282
2426,false,int-jet,444
2622,false,int-jet,828
2753,false,dot-matrix,288
2455,true,int-jet,62
2232,true,dot-matrix,456
2189,false,int-jet,922
2119,true,laser,188
2563,true,int-jet,829
2322,true,dot-matrix,863
2225,false,int-jet,333
2686,true,laser,826
2561,true,laser,126
2237,false,dot-matrix,226
2419,true,laser,648
2146,false,int-jet,137
2102,true,laser,926
2474,false,int-jet,607
2397,false,dot-matrix,266
2424,true,dot-matrix,916
2479,true,int-jet,73
2194,true,laser,868
2720,false,dot-matrix,528
2016,false,laser,128
2588,false,int-jet,673
2184,false,laser,122
2502,true,laser,179
2162,false,dot-matrix,791
2263,false,laser,87
2106,true,dot-matrix,446
2951,true,int-jet,827
2598,true,laser,464
2996,false,dot-matrix,418
2394,false,dot-matrix,704
2160,true,laser,168
2336,true,laser,947
2216,true,int-jet,618
