Gateway,1443,PC
Samsung,1471,PC
HP,1131,PC
Asus,1065,PC
Asus,1028,PC
Apple,1858,PC
Apple,1780,PC
Samsung,1138,PC
Samsung,1888,PC
Dell,1184,PC
Gateway,1001,PC
Dell,1470,PC
HP,1924,PC
HP,1161,PC
HP,1653,PC
HP,1113,PC
Apple,1946,PC
Asus,1232,PC
Dell,1849,PC
Gateway,1169,PC
Gateway,1343,PC
Asus,1501,PC
Apple,1213,PC
Asus,1347,PC
Asus,1422,PC
Apple,1404,PC
Lenovo,1413,PC
Dell,1171,PC
Lenovo,1072,PC
HP,1369,PC
Samsung,1558,PC
HP,1499,PC
Gateway,1180,PC
Gateway,1050,PC
Gateway,1294,PC
Apple,1057,PC
Asus,1257,PC
Apple,1647,PC
HP,1476,PC
Samsung,1596,PC
Apple,1985,PC
Gateway,1083,PC
Gateway,1008,PC
Asus,1285,PC
Samsung,1819,PC
Apple,1642,PC
Samsung,1863,PC
Gateway,1774,PC
Lenovo,1505,PC
Apple,1934,PC
Gateway,1499,PC
Dell,1331,PC
HP,1214,PC
Asus,1758,PC
Samsung,1714,PC
HP,1191,PC
Samsung,1160,PC
Dell,1666,PC
Asus,1631,PC
Apple,1168,PC
Samsung,1860,PC
Samsung,1673,PC
Dell,1791,PC
Dell,1274,PC
HP,1768,PC
Gateway,1722,PC
Lenovo,1377,PC
Dell,1887,PC
Samsung,1790,PC
Samsung,1088,PC
HP,1348,PC
Dell,1716,PC
Lenovo,1152,PC
Gateway,1016,PC
Asus,1733,PC
Dell,1471,PC
Gateway,1327,PC
HP,1398,PC
Samsung,1534,PC
Apple,1845,PC
Apple,1145,PC
Dell,1335,PC
Gateway,1581,PC
Dell,1993,PC
Gateway,1842,PC
Asus,1883,PC
Apple,1344,PC
Lenovo,1297,PC
HP,1693,PC
HP,1269,PC
HP,1008,PC
Lenovo,1793,PC
Gateway,1928,PC
HP,1238,PC
Gateway,1238,PC
Dell,1122,PC
Apple,1968,PC
Gateway,1123,PC
Lenovo,1812,PC
Asus,1381,PC
Lenovo,2503,PC
Samsung,2900,PC
HP,2668,PC
Lenovo,2474,PC
Lenovo,2947,PC
Dell,2607,PC
Dell,2105,PC
Apple,2583,PC
Gateway,2159,PC
Gateway,2709,PC
HP,2965,PC
HP,2086,PC
Apple,2037,PC
Gateway,2246,PC
Lenovo,2575,PC
Samsung,2701,PC
Asus,2147,PC
Apple,2223,PC
Asus,2929,PC
Apple,2717,PC
Dell,2785,PC
Asus,2272,PC
Samsung,2790,PC
Lenovo,2111,PC
Gateway,2049,PC
HP,2268,PC
Dell,2654,PC
Dell,2770,PC
Samsung,2229,PC
Dell,2289,PC
Lenovo,2079,PC
Dell,2547,PC
Gateway,2906,PC
Asus,2511,PC
Dell,2937,PC
Asus,2625,PC
Asus,2152,PC
Lenovo,2588,PC
Gateway,2197,PC
Asus,2205,PC
Asus,2370,PC
Dell,2574,PC
Gateway,2219,PC
Dell,2413,PC
Asus,2133,PC
Lenovo,2264,PC
Dell,2462,PC
HP,2004,PC
HP,2113,PC
Apple,2577,PC
Lenovo,2713,PC
HP,2281,PC
Apple,2529,PC
Asus,2103,PC
Lenovo,2920,PC
Dell,2608,PC
Gateway,2955,PC
Gateway,2672,PC
Samsung,2783,PC
Apple,2384,PC
Dell,2251,PC
Gateway,2810,PC
Dell,2837,PC
Lenovo,2589,PC
Asus,2776,PC
Dell,2246,PC
Apple,2983,PC
Samsung,2681,PC
HP,2147,PC
HP,2717,PC
Asus,2641,PC
Asus,2118,PC
HP,2842,PC
Lenovo,2856,PC
Asus,2722,PC
Apple,2934,PC
Asus,2123,PC
Apple,2444,PC
Asus,2850,PC
Samsung,2460,PC
Dell,2544,PC
Lenovo,2504,PC
Lenovo,2110,PC
Asus,2078,PC
Lenovo,2804,PC
Apple,2094,PC
Apple,2606,PC
Lenovo,2465,PC
Lenovo,2720,PC
Samsung,2649,PC
Gateway,2243,PC
Dell,2394,PC
Asus,2529,PC
Dell,2280,PC
Lenovo,2974,PC
Asus,2085,PC
HP,2824,PC
HP,2395,PC
Lenovo,2986,PC
Asus,2642,PC
Samsung,2828,PC
Apple,2719,PC
Lenovo,2722,PC
Lenovo,2517,PC
Apple,2173,PC
HP,2221,PC
Lenovo,2164,PC
Apple,2469,PC
Samsung,2555,PC
Lenovo,2721,PC
HP,2446,PC
Asus,2170,PC
Gateway,2541,PC
HP,2726,PC
Samsung,2086,PC
Apple,2589,PC
Gateway,2258,PC
Gateway,2153,PC
Dell,2627,PC
HP,2027,PC
Asus,2985,PC
Lenovo,2112,PC
Samsung,2693,PC
Asus,2698,PC
Lenovo,2490,PC
Apple,2044,PC
Gateway,2234,PC
Asus,2611,PC
Asus,2815,PC
Asus,2339,PC
Samsung,2838,PC
Samsung,2860,PC
Asus,2392,PC
Samsung,2311,PC
Dell,2856,PC
Asus,2790,PC
HP,2292,PC
Samsung,2905,PC
HP,2415,PC
Apple,2580,PC
HP,2474,PC
HP,2093,PC
Samsung,2264,PC
Samsung,2965,PC
Dell,2749,PC
Asus,2106,PC
Gateway,2431,PC
Dell,2093,PC
Apple,2262,PC
Gateway,2849,PC
Apple,2558,PC
Samsung,2496,PC
Asus,2288,PC
Dell,2222,PC
Dell,2207,PC
Dell,2948,PC
Dell,2626,PC
Gateway,2213,PC
Dell,2528,PC
Asus,2397,PC
Lenovo,2271,PC
Gateway,2412,PC
Asus,2267,PC
Asus,2371,PC
Samsung,2426,PC
Gateway,2622,PC
Apple,2753,PC
Asus,2455,PC
Dell,2232,PC
Lenovo,2189,PC
Apple,2119,PC
Lenovo,2563,PC
Dell,2322,PC
Asus,2225,PC
Gateway,2686,PC
Gateway,2561,PC
Lenovo,2237,PC
HP,2419,PC
Asus,2146,PC
Gateway,2102,PC
Samsung,2474,PC
Lenovo,2397,PC
Dell,2424,PC
Asus,2479,PC
Dell,2194,PC
Samsung,2720,PC
Dell,2016,PC
Asus,2588,PC
Samsung,2184,PC
Samsung,2502,PC
Apple,2162,PC
Dell,2263,PC
Samsung,2106,PC
Asus,2951,PC
Dell,2598,PC
Lenovo,2996,PC
Samsung,2394,PC
Apple,2160,PC
Apple,2336,PC
Gateway,2216,PC