"  Food and beverages purchased for off-premises consumption", 2009,1, 773838 
"  Food and beverages purchased for off-premises consumption", 2009,2, 774152 
"  Food and beverages purchased for off-premises consumption", 2009,3, 777001 
"  Food and beverages purchased for off-premises consumption", 2009,4, 786509 
"  Clothing footwear and related services", 2009,1, 339464 
"  Clothing footwear and related services", 2009,2, 336495 
"  Clothing footwear and related services", 2009,3, 339544 
"  Clothing footwear and related services", 2009,4, 342627 
"  Housing utilities and fuels", 2009,1, 1893070 
"  Housing utilities and fuels", 2009,2, 1891860 
"  Housing utilities and fuels", 2009,3, 1899451 
"  Housing utilities and fuels", 2009,4, 1912509 
"  Furnishings household equipment and routine household maintenance", 2009,1, 422858 
"  Furnishings household equipment and routine household maintenance", 2009,2, 417612 
"  Furnishings household equipment and routine household maintenance", 2009,3, 417317 
"  Furnishings household equipment and routine household maintenance", 2009,4, 420340 
"  Health", 2009,1, 1938228 
"  Health", 2009,2, 1966870 
"  Health", 2009,3, 1981999 
"  Health", 2009,4, 2005183 
"  Transportation", 2009,1, 841313 
"  Transportation", 2009,2, 853354 
"  Transportation", 2009,3, 931607 
"  Transportation", 2009,4, 936403 
"  Communication", 2009,1, 236389 
"  Communication", 2009,2, 235756 
"  Communication", 2009,3, 233755 
"  Communication", 2009,4, 232854 
"  Recreation", 2009,1, 898759 
"  Recreation", 2009,2, 889363 
"  Recreation", 2009,3, 895453 
"  Recreation", 2009,4, 904633 
"  Education", 2009,1, 228588 
"  Education", 2009,2, 231422 
"  Education", 2009,3, 234792 
"  Education", 2009,4, 236732 
"  Food services and accommodations", 2009,1, 605970 
"  Food services and accommodations", 2009,2, 602553 
"  Food services and accommodations", 2009,3, 601194 
"  Food services and accommodations", 2009,4, 604652 
"  Financial services and insurance", 2009,1, 816479 
"  Financial services and insurance", 2009,2, 813314 
"  Financial services and insurance", 2009,3, 809265 
"  Financial services and insurance", 2009,4, 816332 
"  Other goods and services", 2009,1, 662926 
"  Other goods and services", 2009,2, 670794 
"  Other goods and services", 2009,3, 674225 
"  Other goods and services", 2009,4, 679225 
"  Food and beverages purchased for off-premises consumption", 2010,1, 797365 
"  Food and beverages purchased for off-premises consumption", 2010,2, 794638 
"  Clothing footwear and related services", 2010,1, 350619 
"  Clothing footwear and related services", 2010,2, 352367 
"  Housing utilities and fuels", 2010,1, 1913614 
"  Housing utilities and fuels", 2010,2, 1917185 
"  Furnishings household equipment and routine household maintenance", 2010,1, 428608 
"  Furnishings household equipment and routine household maintenance", 2010,2, 432153 
"  Health", 2010,1, 2013408 
"  Health", 2010,2, 2041432 
"  Transportation", 2010,1, 960518 
"  Transportation", 2010,2, 950746 
"  Communication", 2010,1, 234415 
"  Communication", 2010,2, 233741 
"  Recreation", 2010,1, 913017 
"  Recreation", 2010,2, 921325 
"  Education", 2010,1, 240759 
"  Education", 2010,2, 244559 
"  Food services and accommodations", 2010,1, 615202 
"  Food services and accommodations", 2010,2, 623324 
"  Financial services and insurance", 2010,1, 824943 
"  Financial services and insurance", 2010,2, 829936 
"  Other goods and services", 2010,1, 687228 
"  Other goods and services", 2010,2, 689181 
