"    Motor vehicles and parts", 2009,1, 306177 
"    Motor vehicles and parts", 2009,2, 306544 
"    Motor vehicles and parts", 2009,3, 339099 
"    Motor vehicles and parts", 2009,4, 327023 
"    Furnishings and durable household equipment", 2009,1, 249844 
"    Furnishings and durable household equipment", 2009,2, 246421 
"    Furnishings and durable household equipment", 2009,3, 246873 
"    Furnishings and durable household equipment", 2009,4, 249285 
"    Recreational goods and vehicles", 2009,1, 317793 
"    Recreational goods and vehicles", 2009,2, 311371 
"    Recreational goods and vehicles", 2009,3, 317056 
"    Recreational goods and vehicles", 2009,4, 323903 
"    Other durable goods", 2009,1, 138420 
"    Other durable goods", 2009,2, 140325 
"    Other durable goods", 2009,3, 142125 
"    Other durable goods", 2009,4, 143707 
"    Food and beverages purchased for off-premises consumption", 2009,1, 773838 
"    Food and beverages purchased for off-premises consumption", 2009,2, 774152 
"    Food and beverages purchased for off-premises consumption", 2009,3, 777001 
"    Food and beverages purchased for off-premises consumption", 2009,4, 786509 
"    Clothing and footwear", 2009,1, 321816 
"    Clothing and footwear", 2009,2, 319106 
"    Clothing and footwear", 2009,3, 322370 
"    Clothing and footwear", 2009,4, 325476 
"    Gasoline and other energy goods", 2009,1, 264792 
"    Gasoline and other energy goods", 2009,2, 279881 
"    Gasoline and other energy goods", 2009,3, 326166 
"    Gasoline and other energy goods", 2009,4, 344093 
"    Other nondurable goods", 2009,1, 785721 
"    Other nondurable goods", 2009,2, 797605 
"    Other nondurable goods", 2009,3, 805451 
"    Other nondurable goods", 2009,4, 812929 
"    Housing and utilities", 2009,1, 1870237 
"    Housing and utilities", 2009,2, 1869997 
"    Housing and utilities", 2009,3, 1877485 
"    Housing and utilities", 2009,4, 1887587 
"    Health care", 2009,1, 1594393 
"    Health care", 2009,2, 1618901 
"    Health care", 2009,3, 1629526 
"    Health care", 2009,4, 1650075 
"    Transportation services", 2009,1, 293177 
"    Transportation services", 2009,2, 288790 
"    Transportation services", 2009,3, 288309 
"    Transportation services", 2009,4, 290209 
"    Recreation services", 2009,1, 381436 
"    Recreation services", 2009,2, 378489 
"    Recreation services", 2009,3, 377912 
"    Recreation services", 2009,4, 377258 
"    Food services and accommodations", 2009,1, 605970 
"    Food services and accommodations", 2009,2, 602553 
"    Food services and accommodations", 2009,3, 601194 
"    Food services and accommodations", 2009,4, 604652 
"    Financial services and insurance", 2009,1, 816479 
"    Financial services and insurance", 2009,2, 813314 
"    Financial services and insurance", 2009,3, 809265 
"    Financial services and insurance", 2009,4, 816332 
"    Other services", 2009,1, 927874 
"    Other services", 2009,2, 921758 
"    Other services", 2009,3, 923797 
"    Other services", 2009,4, 930054 
"    Motor vehicles and parts", 2010,1, 328278 
"    Motor vehicles and parts", 2010,2, 335921 
"    Furnishings and durable household equipment", 2010,1, 255329 
"    Furnishings and durable household equipment", 2010,2, 258190 
"    Recreational goods and vehicles", 2010,1, 328799 
"    Recreational goods and vehicles", 2010,2, 331946 
"    Other durable goods", 2010,1, 148325 
"    Other durable goods", 2010,2, 148034 
"    Food and beverages purchased for off-premises consumption", 2010,1, 797365 
"    Food and beverages purchased for off-premises consumption", 2010,2, 794638 
"    Clothing and footwear", 2010,1, 333759 
"    Clothing and footwear", 2010,2, 335484 
"    Gasoline and other energy goods", 2010,1, 364079 
"    Gasoline and other energy goods", 2010,2, 339973 
"    Other nondurable goods", 2010,1, 824053 
"    Other nondurable goods", 2010,2, 833266 
"    Housing and utilities", 2010,1, 1887149 
"    Housing and utilities", 2010,2, 1892472 
"    Health care", 2010,1, 1657540 
"    Health care", 2010,2, 1680372 
"    Transportation services", 2010,1, 294627 
"    Transportation services", 2010,2, 299566 
"    Recreation services", 2010,1, 376845 
"    Recreation services", 2010,2, 378493 
"    Food services and accommodations", 2010,1, 615202 
"    Food services and accommodations", 2010,2, 623324 
"    Financial services and insurance", 2010,1, 824943 
"    Financial services and insurance", 2010,2, 829936 
"    Other services", 2010,1, 933251 
"    Other services", 2010,2, 939056 
