"Goods","  Durable goods","    Motor vehicles and parts"
"Goods","  Durable goods","    Furnishings and durable household equipment"
"Goods","  Durable goods","    Recreational goods and vehicles"
"Goods","  Durable goods","    Other durable goods"
"Goods","  Nondurable goods","    Food and beverages purchased for off-premises consumption"
"Goods","  Nondurable goods","    Clothing and footwear"
"Goods","  Nondurable goods","    Gasoline and other energy goods"
"Goods","  Nondurable goods","    Other nondurable goods"
"Services","  Household consumption expenditures (for services)","    Housing and utilities"
"Services","  Household consumption expenditures (for services)","    Health care"
"Services","  Household consumption expenditures (for services)","    Transportation services"
"Services","  Household consumption expenditures (for services)","    Recreation services"
"Services","  Household consumption expenditures (for services)","    Food services and accommodations"
"Services","  Household consumption expenditures (for services)","    Financial services and insurance"
"Services","  Household consumption expenditures (for services)","    Other services"